id,location_id,status,image_url
fe3fc8e8-83cb-42b3-9242-adefa1c15138,2c649760-3d3f-429b-9d57-0748616ef9e4,open,
9da51fd6-f5bf-4c2b-a8c9-ca5de5d687b7,3aa3731e-34ca-4a0b-aba1-536a301d942e,open,
7d9fc9b5-adb9-4f33-9f8d-f4530cc3a45f,c10cbc7e-7881-4bf0-9562-4277f0e85a44,open,
63a01ed5-2b70-45c7-811f-377f6290659b,709e0d71-57bb-4cd3-ad71-ae6bb64d8ac3,open,
d21c48f4-56ff-410c-883c-df6c332e3b69,002b9f7d-f1bc-458e-badc-bad7c1822290,open,
ff2ef1e4-08c7-4b99-9042-9147b58631f0,41093876-bdce-4815-9a8f-39e3eaf282b5,open,
2e4607c5-3260-4d17-8de0-973fefe112d5,ac1f395c-8444-4816-9742-92640b562ab3,open,
c9d003bd-b0ac-4ae5-8e73-422f0bee5d52,f8a4390f-6edf-4d6c-99ed-ea39d9eb52f9,open,
c6b30fa4-6eaa-4cf7-a46c-4a7b281b4a66,8931a4a4-8bbf-44ae-97bc-c4a0f96aa34f,open,
fb008019-8b56-4740-b61c-39908e456e3f,72b87fd4-1762-45fe-aca7-bedc0421d4af,open,
b0eb2cba-f92e-476c-9337-a5790c089496,969c6918-2f66-44fd-8c64-28046011554d,open,
c8e67edc-4e03-436d-8e74-6d994766f820,390393fd-d33d-47a2-9bcf-937dd5ffc566,open,
a993228f-976e-4018-949d-d83160b9bbfe,bf41a0f3-efe0-4b32-91c2-71baf91a099f,open,
404f3b29-b3bb-404c-8bd6-3b1b005c639d,c9baaf29-cd2b-4663-b14c-8f2102212c28,open,
6130615d-5fcf-4ccc-aca9-e1210260675f,c27e537e-e3b3-4913-9eaa-b17d5dffe19e,open,
2920a187-6b82-4bfd-b9ae-6de4944d01a7,26081311-cc36-46ab-ba2a-adf04048e6eb,open,
dc2aee65-de83-455e-8443-75f681ad85e4,6e823a11-68a1-4357-aae6-298a1f24324b,open,
e38f1743-e90e-49be-9ca4-851f3c45b0b4,de39203b-bdd7-493d-ad87-8b9ae20f2ea6,open,
e70e5af4-0c13-4cae-bc04-1f0a787ed5a7,a999b13b-4528-406a-a3de-6e85b3e3189e,open,
5d3c9f1e-46c7-46d9-a96d-53b66581a666,24d38e3e-94fb-4635-849e-ce23fc655d50,open,
c8f289ac-1d5d-4912-a25a-d89120b2a008,a8c29ae2-1a56-43bd-af7a-c208a083fe31,open,
48a7c6a7-6f2d-4a8d-a3bf-d7f339dd2b12,5f886f0a-73f8-44ab-b502-080d3f98efb0,open,
2d9c27e1-082d-4832-b623-de04d9340c74,fd4e43f0-0a03-433c-9bcc-60dd73d8f511,open,
6b817a09-b8f0-42af-880f-28a08582c18d,24062b8b-c4da-48ab-859d-470db30490f3,open,
a8de4c89-f2ea-478b-a365-d276dc299702,1aba9f2b-df38-4b8a-b5bb-a629dc412b3d,open,
8b565eeb-510a-44a7-b784-30f8496ef339,7a5ad028-4f13-4781-bddf-6f3bd4af5783,open,
bdd01edf-fcae-47e3-a7b6-871b95c8f03d,c2344671-2cd9-474c-bbf0-33b12671a2f0,open,
89617dc5-68fb-4611-a797-e1f936a6370a,db1177ff-8748-425d-959d-d19fbaed57d1,open,
1e54c748-b27c-49b5-9fbb-1e7e01eeda83,b8b36cd1-9b41-4a58-85a0-0dc1085b62fe,open,
8606eaf8-34be-4cbd-bcbc-019e8ddd2656,5fda1ee5-8ece-4c09-9584-3f52a3e4a6b1,open,
19070768-5976-46ee-a5ed-55e427977235,53cb3a9f-f35a-4521-9103-4b6fc255770f,open,
ae16fe40-f952-4b0b-a1ec-b4c3b7d8e417,93ef2387-f2b8-4b5e-a04f-1a5a8ff92007,open,
cd50ddb2-938e-4364-98f2-150a643c5035,44b8f1d9-8769-4118-9626-51d67831f8d7,open,
877633c0-191b-4752-95e7-673fb876592e,d4acc003-d75c-4326-baf1-1509c2efc7e4,open,
b2273943-5ac9-4706-8796-af801c0d6610,12ebac70-169f-4ac1-b5a9-07a679bbc5b0,open,
6a465837-a8c3-4807-8383-26b235affc7e,8b36f6f4-7273-49e6-8742-1cb39d496ff5,open,
a3b4182d-55c7-42dc-bd4b-41d33111dc6d,ab2d5ed0-ec16-4af3-af58-9ddd332128e4,open,
ea7527b4-ab81-465b-b124-5e551cf79542,d34ca4f5-6992-4b38-acb5-935aaf7e9e03,open,
34f68c91-adc9-4515-ab3d-58cd8c150320,735ce189-c11b-43b5-a3fa-3e4c4a2c7e53,open,
8033442d-1693-4541-87fe-af44f03efd19,0385ad02-8000-4db6-abcf-4322860e95d8,open,
ffe264d2-a4ac-46b7-9de7-50c53b9aa3d2,13f73bab-def3-442e-a82e-77c74df7503b,open,
