id,Attractions_id,title,language_code,description,video_url,audio_url
c137bc58-8bf8-4910-a307-9d6d01674377,fe3fc8e8-83cb-42b3-9242-adefa1c15138,佛光大佛,zh_TW,入館第一眼看見的就是一座巍峨的大佛，這是台灣的地標之一「佛光大佛」。佛光山佛陀紀念館的佛光大佛，是亞洲最大的銅鑄坐佛，由星雲大師發起建造，共用一千八百多公噸鋼鐵建造，費時一年半完成。地基加佛身共有一百零八公尺，相當於一般建築的三十六層樓，為亞洲著名地標之一，堪稱驚世之作。\n\n宋朝的茶陵郁和尚寫了一首開悟詩：「我有明珠一顆，久被塵勞關鎖；今朝塵盡光生，照破山河萬朵。」所謂的明珠即是每個人自身的佛性，每個人原本都是一顆閃閃明珠，但累世的習氣就如同塵埃一樣，讓明珠早已蒙塵，但經由修行將宿世累積的惡習、執著放下，明珠自然再度大放光明，人人皆可成佛。\n\n為了讓世人認識自己的如來佛性，星雲大師建造這尊佛光大佛，用建築表達了「我是佛」的理念。當全球各地的參訪者踏進佛陀紀念館，仰頭看見「佛光大佛」崇高偉大、低眉慈眼凝視眾生，星雲大師希望：「每一個人都能感受到佛陀就是自己，即使是信仰天主、基督、媽祖，也能感覺自己有著天主、基督、媽祖的崇高本質。佛館創造這樣的情境，讓人人藉著對佛的崇敬禮拜，而提昇自我、開發自我，以覺性的欣發，來面對每一天的生活。」,,
aaa58d54-5f5e-40db-be71-a9a398b5fcb4,9da51fd6-f5bf-4c2b-a8c9-ca5de5d687b7,大佛平台,zh_TW,大佛平台是連結本館與佛光樓的平台，佇立在此可近距離仰望大佛，感受大佛的攝受力，是大眾與大佛最貼近核心之處，星雲大師為了「給人歡喜、給人方便」，開放一處可容納兩千人禮佛的寬廣之地，並不定期舉辦開山、繞塔、誦經祈禱等修持活動。\n\n在大佛平台可南望靈山，北觀恆河、祇園，遠眺成佛大道，繚繞的大武山雲氣，及高屏溪的點點夕陽盡在眼前。\n\n大佛平台，四聖塔於每週六下午由法師帶領大眾繞塔，陀羅尼經經幢釋迦牟尼佛」佛號，並行繞塔。所謂眾福如見佛。在《右繞佛塔功德經》云，「一切諸天龍、夜叉鬼神等，皆親近供養。斯由右繞塔。在在所生處，遠離於八難，常生無難處。斯由右繞塔。於一切生處，念慧常無失，具足妙色相，斯由右繞塔。往來天人中，福壽悉長遠，常獲大名稱，斯由右繞塔。於陰若墮時，當生福德家，清淨種姓中，斯由右繞塔。儀貌當端正，富貴多財寶……」由此可知繞塔功德不可思議，能清淨本心，累積福數無量無邊。\n您有多久沒有幕鼓心洗了？尤且在佛陀腳下，靜心抄寫一部《心經》，或是修藝大師的《榮譽讚》，大佛平台設有一處「抄經堂」，所謂「抄寫一逼，勝過閱讀十遍」,,
7357caac-5f5e-4615-a796-5ab3d2d77b60,7d9fc9b5-adb9-4f33-9f8d-f4530cc3a45f,大佛平台抄經堂,zh_TW,「抄經」既能靜心，又能祈福，抄寫《心經》，是修心養性、深入經藏的修行法門。端坐揪心，配合呼吸，專注筆下的一筆一劃，內心清定，更能體會遠離塵囂。\n\n弘一法師曾談抄經十大利益\n一、從前所作囉囉罪過，輕者立即消滅，重者也得轉輕。\n二、常得吉神擁護，一切瘟疫、水火、盜賊、刀兵、牢獄之災，悉皆不受。\n三、夙生怨對，咸蒙法益，而得解脫，永免尋仇報復之難。\n四、夜叉惡鬼，不能侵犯；毒蛇餓虎，不能為害。\n五、心得安慰，日無險事，夜無惡夢，顏色光澤，體力充盛，所做吉利。\n六、至心奉法，雖無希求，自然衣食豐足，家庭和睦，福壽綿長。\n七、所言所行，人天歡喜。任到何方常為多眾親近敬愛，恭敬禮拜。\n八、愚痴轉智，病者轉健，困者轉亨。不願為婦女者，報盡之日，皆轉男身。\n九、永離惡道，受生善道。相貌端正，天資超越，福祿殊勝。\n十、能為一切眾生，種植善根。以眾生心，作大福田，獲無量勝果。所生之處，常得見佛聞法。直至三慧宏開，六通親證，速得成佛。\n\n抄經不只恰養佛性，更是以文字般若，契入佛心，累積功德資糧，增長智慧，培養善良根德因緣。找到心靈的依處。,,
7efe9ac9-349c-4cfb-944c-f18fdfd7ff15,63a01ed5-2b70-45c7-811f-377f6290659b,佛光樓,zh_TW,佛光樓，位於佛光大佛座下，提供佛光山功德主回來到佛陀紀念館參加年度活動時，可享賓至如歸般的優渥住宿區。佛陀紀念館每年4-12月舉辦「心的旅程」活動時，參加的學員也會很榮幸有一人套房的住宿體驗。佛光樓最重要的，是九樓國際會議廳。適合國際學術研討會或學術團體、企業主管高層會議、各種大型活動會議申請使用，會議、住宿一體，落實了佛光山開山星雲大師「四給」的精神。\n佛陀在菩提樹下，因徹悟「四聖諦」—苦、集、滅、道等真理而開悟。四聖諦是佛法的綱要，三藏十二部經典的根本。隨著佛教的發展，義理付諸行動與實踐，成為「四弘誓願」—眾生無邊誓願度，煩惱無盡誓願斷，法門無量誓願學，佛道無上誓願成。而四弘誓願的代表者，就是象徵悲、智、願、行的四大菩薩。,,
9346cac3-7a9c-4ce4-8138-10b68b5020be,d21c48f4-56ff-410c-883c-df6c332e3b69,四聖塔/觀音塔,zh_TW,在本館上方四聖塔之一的觀音塔供奉觀音菩薩，觀音菩薩因「大悲心」而遊諸世界，尋聲救苦，千處祈求千處應，實踐的是「眾生無邊誓願度」的大悲。\n文殊菩薩是中國四大菩薩道場，山西五台山是文殊菩薩道場。,,
5195e7c2-52d1-4540-a134-04be7bfd5aa1,ff2ef1e4-08c7-4b99-9042-9147b58631f0,四聖塔/文殊塔,zh_TW,在本館上方四聖塔之一的文殊塔供奉文殊菩薩，文殊菩薩因有「大智慧」能讓人從迷取覺、從非而是，是「法門無量誓願學」的深刻表達。,,
7bd28dea-54d9-4ef3-971c-6f8c4ce4f0f1,2e4607c5-3260-4d17-8de0-973fefe112d5,四聖塔/地藏塔,zh_TW,四聖塔之一的地藏塔供奉地藏菩薩，地藏菩薩因有「大願力」而發心到地獄度眾生，救度眾生貪瞋癡煩惱業集的痛苦，猶如出地獄的刀山劍樹，是「煩惱無邊誓願斷」的功德。,,
9792585a-27b4-4dbc-965a-5b856e88a3b6,c9d003bd-b0ac-4ae5-8e73-422f0bee5d52,四聖塔/普賢塔,zh_TW,四聖塔之一的普賢塔供奉普賢菩薩，普賢菩薩因「大行力」而導萬行歸極樂，讓所有苦難的眾生都能得救，展現的是「佛道無上誓願成」的悲心。\n佛光一滴,,
42d8d920-09ef-4ebc-a934-314afcebf4d6,c6b30fa4-6eaa-4cf7-a46c-4a7b281b4a66,佛光一滴,zh_TW,全台唯一在大佛底下的餐廳「佛光一滴」，其麵、飯，乃至小菜、小披薩、漢堡、潛艇堡及鬆餅等都出自法師與義工服務大眾的歡喜心。中式小菜如家醬苦瓜、桂花蜜藕、豆腐沙拉、香辣蹄筋、五味茄子、紫米糕，素食壽司都是明星商品。\n服務電話 07-656-3033分機4300\n供餐時間：\n平日 11:00-17:00 (最後受理點餐為16:30)\n假日 11:00-17:00 (最後受理點餐為16:30),,
102ad0cd-1821-4abe-8916-9afb2b1d50b9,fb008019-8b56-4740-b61c-39908e456e3f,觀音殿,zh_TW,「普陀洛伽山觀音殿」上方殿名，由星雲大師命名。殿內主尊千手千眼觀音為藝術家楊惠姍女士所創作。藝術風格取自現代 (1271～1368) 嚴官格調為基本塑造，法相莊嚴，用色古雅；脇侍善財、龍女、活潑生動。具明代 (1368～1644) 造像特色。四周壁面玻璃與環繞三十三觀音相，則為佛光緣美術館館長如常法師所作。前後遠近、變換相續，示現重重無盡的華嚴世界。\n\n星雲大師說：「我這根釋（華嚴經）中『須彌藏芥子，芥子納須彌』的理念而成，這室中的千手千眼觀音，是佛陀紀念館弘法的代表，一進門就可以看到，因為觀音菩薩象徵慈悲，代表佛陀精神普及於一切。」\n\n殿內地面以黑五儲石取代傳統地磚。香榭暖金以中軸線做成階梯式的開發，在多重光影中祈福祝禱，深受感動。參觀大眾在法師及義工導引下，前來許願池祈福，即有恭財富！及龍女出生竹鹽水，代表觀音菩薩。千處祈求千處應。祈禱大覺團、擴大悲願的心靜意成，殿外秩序井然有序（觀世音菩薩普門品）經文，雕刻牆面。彷佛莊嚴體現。,,
f0068729-436c-47f4-b4ca-918dc3fbc253,6b817a09-b8f0-42af-880f-28a08582c18d,五和塔,zh_TW,五和的意涵為「自心和悅、家庭和順、人我和敬、社會和諧、世界和平」。五和塔是「喜慶之家」，以「家庭」出發，從男女結婚的「佛化婚禮」，到喜獲麟兒的「毓麟之禮」、孩子的「成年之禮」、長輩生日的「壽誕之禮」，或學生「畢業典禮」，舉凡喜慶之事，皆可在此以佛教儀式完成「生命禮儀」，洋溢的幸福氛圍隨處顯現，並可溫馨合影留念。,,
41de8802-9cce-40b3-9fea-2903ef66ad0c,bdd01edf-fcae-47e3-a7b6-871b95c8f03d,八道塔,zh_TW,八道塔是從佛教的「八正道」，即「正見、正思惟、正語、正業、正命、正精進、正念、正定」而來，八正道是引領我們走向涅槃解脫的正道。八道塔為客堂，播放佛陀紀念館影片、簡報及提供民眾喝茶、休憩之場所。,,
86eb3cef-4a29-43b3-9b23-a218fa7b5535,b0eb2cba-f92e-476c-9337-a5790c089496,金佛殿,zh_TW,由佛跳佛奉的金佛，是泰國前僧王所奉的金佛。2004年，泰國十九世僧王贈大壽，製作了19尊金佛，其中一尊贈予星雲大師。象徵著泰、北傳佛教的融合。佛塔體面色。樣型高型。雪留飾大迫紋、象徵光明智慧；半圓狀坐行座塔，環繞佛身，聳立尊嚴，充滿了東南亞特色的情調。\n\n殿內壁面供奉近5000尊釋迦牟尼佛地像，盡為「一佛出世，萬佛護持」，十四根柱外則雕刻金剛經、藥師經、普門品、阿陀經等，供人閱讀。\n\n此外，「心中願藏事，法應可告知」，殿堂設有中、英文「古德法語箱」供人抽取，並有法師親自解答疑惑。所謂法語不斷且以，除了發受法語解決法語的真義，更能將溫馨的甘露帶回家。這也是大眾最喜愛的人機互動之一。下次前往佛陀紀念館，不妨到金佛殿抽張法語，看看佛陀對您心中的煩惱，做出什麼樣的建議。此外，也可以獻燈祈福，所謂「千年暗室，一燈即明」，心中的疑惑，就在一盞虔誠的佛燈中，看見智慧的光明吧！,,
3578685f-5dfd-4b9b-87a6-fc71f1abc8da,c8e67edc-4e03-436d-8e74-6d994766f820,玉佛殿,zh_TW,佛陀紀念館的「諦聽之聲—佛牙舍利」，世界僅存三顆，佛牙舍利誠如阿含經典記載身，其珍貴與可見世界佛法的真實。全世界佛徒此生崇仰。另一處在錫蘭、佛牙舍利全求僅存三顆，其中一顆就在佛陀紀念館的玉佛殿。參訪必不能錯過此景點，才不虛此行。\n\n星雲大師在五機般若下：「佛陀在特斯克演出，佛寶速度我出生；願我此身多福德，至今才見如來牙」，達大師前有此遺憾，佛牙舍利傳承保存至今。不論您是否為佛教徒，都應前往瞻仰禮拜，開啟世界級的眼界。\n\n此外，玉佛殿內供奉一尊由緬甸珍白玉雕刻成的臥佛，兄弟各手抓四個人，佛牙舍利就安奉在臥佛上方。臥佛兩旁有大面大的彩色浮雕，右側為東方琉璃世界圖，主尊藥師佛坐於青色琉璃。兩大脇侍為日光及月亮菩薩。左側為西方極樂世界圖，中央為阿彌陀佛，兩大脇侍為觀音、大勢至菩薩。縱兩大輻經變圖，皆是由天然玉石手工鑲嵌、雕刻，藍色合成，大型琉璃精雕工藝平，精細且構造巧思。\n\n▲金佛週曆詳修：每日13:00及14:00 (修持時間與開放參觀)\n參修方式：取班後排隊入館\n參拜時間：30分鐘\n聯絡電話：(07)656-3033分機4213\n\n▲ 2012/6/30(六)～9/9(日)修持世界,,
8d6573d2-2f77-4785-a5e6-244810880e27,a993228f-976e-4018-949d-d83160b9bbfe,本館一樓,zh_TW,佛陀紀念館由高僧與紀實保存合刊組建。「本館」是佛陀紀念館的主體建築，也是舍利之所在。代表「本願尊稱年化佛」，高五百五十公尺。台基約三千七百坪，外觀造型仿印度摩訶菩提，又具有印尼婆羅浮屜的方法構築；四個角落聳立四聖塔，供奉有文殊吉首菩薩大奇普賢、崇身行悲功德滿俊。\n本館底層外飾黃砂石，四周高牆圍繞，仿石窟式樣，正前中央共兩等重直門框，做為玄關入口，外觀宏偉壯觀，融合古、今日、中西文化。\n本館一樓有三殿、四個常設展；二樓則有大重堂及四個特設展覽；三樓仍非中軸線上，前方為毗盧舍那由觀音殿，中為金佛殿，後為玉佛殿。另設佛陀山法寶堂、佛陀紀念館，佛陀紀念館是永續經營的社會教育，更獲得經紀人二十多人的專業，將「大重堂」讓大眾可在欣賞海內外著名的藝術演出；另有四個展覽廳，引進全球尊期展覽會物珍品與珍玩工藝展示。\n塔與數位於本館高處，朝夕硬體中神聖而多元化且人心的「心的工程」；方形明房四邊設有一、再，塔上置有彩碎浮雕，以磚石彩繪，造型極佳珍貴。金黃明亮。「百萬心經入法身」是為了奠基佛陀紀念館而發起的全球抄經活動，來自全世界的一百萬份心經，字字句句、每一句都包含十方諸佛之和諧，除了陣藏於本館外，還仔細存放在這座歷史寶庫。\n同樣眾信徒希望加深擴大與信仰的心理，通連不只是拜拜、佛光大佛分享家、活動，做出做好的偉大價值。請發起回家自立書，打造自己一心樣式。佛陀紀念館有機會邀請。將佛的光明和甘露帶回家中。,,
23c1828f-8bbd-4ad8-9c82-6baf05174004,404f3b29-b3bb-404c-8bd6-3b1b005c639d,大覺堂,zh_TW,大覺堂內之情境充滿動態，彷彿置身在佛國世界般。佛陀說法的音聲，很真實迴於空中，雄厚、莊嚴、慈悲，遙遠而宏亮，字字句句透入人心，讓來到這裡的參訪者，都能帶著歡喜與平安的感受回家。\n「大覺堂」是星雲大師把經典上文字的描寫，化現為立體的空間，將劇場的理念結合在修行概念裡，運用高科技與多媒體裝置，帶您回歸佛陀說法的時代，產生最觸動人心的共鳴。\n挑高三層樓的空間規劃，可以容納近兩千人次的專業劇場，具有多功能與高科技的設備，包括三層升降舞台，讓各種的表演形式，都能在大覺堂完美呈現。\n大覺堂的建築內部採用各項先進設施及精良材質，具有世界一流的水準，並以提升融合宗教藝術為首要目標，邀請國內外知名表演團體及藝術家演出，是一座宗教、文化最閃亮的舞台，為臺灣表演藝術的指標。\n中央造型主燈，利用漸進式燈光效果，呈現蓮花的一開一合。蓮花周圍的祥雲，則是利用燈光色彩的變化，營造出七彩雲朵效果，以表達「諸佛海會雲來集」的意涵。\n蓮花及雲朵中間有全台第一座360度外投式環型螢幕，可以看到從天而降的巨幅紗幕，及動態的佛陀影像，提供民眾不一樣的視覺饗宴。\n中央地面圓型升降舞台，共有三層。由外到內分別可升至30、51、102公分高；最內圈舞台以順、逆方向旋轉，藉由旋轉的舞臺，讓四面八方的觀眾都能清楚看見位於中央的表演者。\n大覺堂是國內最具國際水準的專業表演場地，透過文化藝術提昇本國表演藝術水準，並建立國際交流平台。佛館持續安排一系列精采的演出，吸引國內外人士觀賞，並以此拓展國內團體邁向國際之路為目標，讓更多的人透過佛陀紀念館及大覺堂，重新認識新時代的佛教藝術。,,
23148b52-6d54-43f3-b89c-dfecc6da3459,a8de4c89-f2ea-478b-a365-d276dc299702,六度塔,zh_TW,六度塔，是以佛教「布施、持戒、忍辱、精進、禪定、般若」命名，塔內為常設展，有「公益信託星雲大師教育基金」、星雲大師「一筆字」書法墨寶及 3D影片欣賞。\n所謂的「一筆字」，即是一下筆就不停止的寫完一幅字，94高齡的星雲大師，憑藉著「心眼」和「法眼」書寫「一筆字」，書體卓然成一家。\n塔內還可觀賞「一筆字」3D影片(9:30-16:30)，了解大師如何用「心」寫字。現場更提供一筆字墨寶拓印，讓每位遊客拓印專屬於自己的墨寶！,,
6267ed34-4dc2-48e6-9028-62c25c0aa608,8b565eeb-510a-44a7-b784-30f8496ef339,七誡塔,zh_TW,七誡即「誡煙毒、誡色情、誡暴力、誡偷盜、誡賭博、誡酗酒、誡惡口」，藉由七誡的奉行，讓個人、家庭到社會形成一股善美清淨的「正能量」。七誡塔是客堂，提供參訪民眾喝茶、休憩及談敘之用。\n七誡，是從佛教的「殺、盜、淫、妄、酒」等五戒，增加誡賭博、誡暴力，成為七誡。,,
4def5d4a-277a-4517-be17-7b6b8b6a519a,6130615d-5fcf-4ccc-aca9-e1210260675f,本館二樓,zh_TW,星雲大師說：「宗教如藝術，人在生活中離不開美感。」\n芸芸眾生，除了物質需求，精神層面同樣重要，它可以透過音樂、繪畫、雕塑等來淨化心靈。您多久沒沉潛於藝術殿堂中了？享受一下慢活，信步於佛陀紀念館本館二樓各個展覽廳吧！\n本館二樓設有四個展覽廳，分為南北兩側，南為一、二展廳，北為三、四展廳。第一、二展廳中設有可立體透視的中間島型櫃，參觀者能盡興觀覽展品的精髓；第三、四展廳間活動隔板的設計，讓藝術家更可自由移動佈展。四個展廳的開放，成就許多名家與大眾結下善因緣，提升人文藝術之風。\n自二〇一一年開館後，佛陀紀念館與中國文物交流中心簽署十年合作協議。二〇一二年起，陸續展出山東青州龍興寺佛教造像、十六家博物館聯合展出絲綢之路、中國南方佛教藝術展、明清水陸畫、河南鞏義石窟寺拓片等佛教藝術展。在非物質文化遺產相關展覽，有少數民族服裝展、湖南民藝民風民俗特展、河南非物質文化遺產，及山東、福建、廣西文化展。更與台灣國立歷史博物館、金門文化園區歷史民俗博物館、國立科學工藝博物館、國立故宮博物院、大英圖書館及杜倫大學合作策展。\n佛陀紀念館不僅館藏豐富，更突破一般博物館的經營理念，積極與各博物館進行交流合作，大力推動展覽和展品在教育上的意義，著重在公眾服務性的用心。館方也致力落實星雲大師以藝術弘法的理念，透過不同的展覽，讓佛教藝術在無形中發揮潛移默化的功能，提升來館民眾對藝術與生活美學的涵養。,,
790137a3-7d56-4173-afc5-0109cc281e8b,2920a187-6b82-4bfd-b9ae-6de4944d01a7,護生圖,zh_TW,佛光山佛陀紀念館「護生圖」浮雕設計，出自佛光山開山星雲大師的構想，為佛教藝術之創舉，以宣揚佛教的慈悲護生、不殺生，推廣校外教學、重視生命教育為主軸，共計70幅。內容選自《護生畫集》，弘一大師題詩撰文、豐子愷畫，「以藝術作方便，人道主義為宗趣」，從圖像轉變成立體浮雕，位於八塔長廊外牆，並穿插書卷窗樣式的星雲大師《佛光菜根譚》，由書法名家書寫。希望大家在觀賞「護生圖」同時，能長養自己的慈悲心。\n佛陀紀念館重視校外教學，一群群國、中小學生們，在佛光老師導覽下，佇足聆聽，領受〈護生圖〉說法的涵義。無論是「輕紈（小扇）原在手，未忍撲雙飛」的小女生；或是冬日裡「自掃雪中歸鹿跡，天晴恐有獵人尋」的農戶；還是玩耍小童看到路上為糧食忙碌的螞蟻，趕緊築起長凳之廊，免得「螞蟻搬家」遭踐踏，每幅圖畫都在講述佛法「無緣大慈，同體大悲」的精神。,,
dce42c17-c519-41ba-a319-db5c20277240,dc2aee65-de83-455e-8443-75f681ad85e4,小品店,zh_TW,小品店（Shopping Center）位在佛光大道、施茶亭旁，是一處集文物、書香、沉香及咖啡香於一室的世外桃源。小品店內設有流通處、滴水食堂和太禾賞。流通處陳列書籍、佛像、佛教文物及精品，可供觀賞或選購；滴水食堂供應中式輕食及冷熱飲，「太禾賞」在此駐店服務，和您一起喝茶、品香、談香道。\n\n店內設計具有新古典華麗風，簡單而時尚，在舒適優閒的氛圍裡，可讀書、賞文物、品香；室外也設有座位區，可觀賞高屏溪斜張橋的景觀，視野寬敞，清淨自在，是忙裡偷閒的好去處！館內備有小客車及遊覽車停車場，地點適中，停車便利，適合公司行號、機關學校開會或聚餐使用，歡迎個人及團體預約。\n\n服務電話 07-656-3033 分機4358\n供餐時間\n平日：11：00-17：30\n假日：11：00-18：30,,
be9bdfed-d78e-4970-8d37-9306c95a347e,e38f1743-e90e-49be-9ca4-851f3c45b0b4,祇園,zh_TW,在佛陀說法四十九年中，有二十五年的時間經常駐錫祇園，包括《阿彌陀經》、《金剛經》等佛弟子耳熟能詳的經典，就是在這裡講說。「如是我聞，一時，佛在舍衛國祇樹給孤獨園······」佛在印度祇園，佛在台灣佛光山佛陀紀念館，星雲大師構築了一處青翠祇園，讓大地花樹為眾生說法。,,
843e778e-7a26-4e2f-8a27-41357d918a80,e70e5af4-0c13-4cae-bc04-1f0a787ed5a7,萬人照相台,zh_TW,通過成佛大道，拾級而上，來到「萬人照相台」，經過的37個階梯，象徵「三十七道品」，即是佛教修行實踐的法門。立於台階上，面向東方，背後是一尊世界最高的銅鑄坐佛；轉身向西，有八座寶塔為背景，視野遼闊，是來訪團體拍照最佳之地。,,
de151cee-7203-441c-be7b-05371df90645,5d3c9f1e-46c7-46d9-a96d-53b66581a666,一教塔,zh_TW,一教，就是指「一切的佛法都在人間」。星雲大師說，人間佛教即是「佛說的、人要的、淨化的、善美的；凡是有助於幸福人生增進的教法，都是人間佛教」。一教塔平時提供會議、活動、課程之用途，舉凡義工講習、教育培訓等，各級學校、各個團體，皆可申請場地借用。,,
c4fd17ea-4bfa-451e-af36-82cd230363a2,c8f289ac-1d5d-4912-a25a-d89120b2a008,二眾塔｜三好兒童館,zh_TW,「互動」、「科技」與「遊戲」，歡喜學三好。專為兒童設計的「三好兒童館」，是以星雲大師所提倡的三好運動「做好事、說好話、存好心」為中心思想規劃而成。\n以人間衛視優質卡通「我愛歡喜」為故事背景，一走進三好兒童館內，即是一趟驚奇之旅！跟隨著卡通主角小沙彌「歡喜」，在遊戲設施「三好轉盤」、3D電影「三好劇院」和多媒體感應互動「三好學園」，體驗三好運動的內涵，實際行動體會行三好的歡喜。\n第一站「三好轉盤」以問題引領小朋友思考，在遊戲中訓練以眼去看、以心思考、以手行動去找答案，加上佛光老師從旁說明，建立三好觀念。\n第二站「三好劇院」播映我愛歡喜「一起做花燈」，透過小朋友們齊心合力製作出花燈，突破萬難完成元宵花燈的故事，了解團結力量大的真諦。\n最後一站「三好學園」的互動體驗則讓大家透過高科技互動感應，實際體驗三好觀念中「做好事」所獲得的快樂。另也透過集體聲音的能量，協助受傷的小鳥振翅高飛，感受說好話的力量。\n貫穿本館的故事為人間衛視所製作「我愛歡喜」動畫影片，儼然成為佛光山歡樂泉源的代言角色。本片榮獲國內外多項獎項，包含第52屆電視金鐘獎「動畫節目獎」、2017美國金勳章國際影片大賽動畫卓越獎、2017美國景深國際影展最佳動畫短片、2018美國全球獨立電影獎「最佳動畫電影銅獎」、2018印度 AAB國際影展等。因此，佛陀紀念館委其再製作，為三好兒童館添新妝，擴大發揮三好精神，持續帶給大家歡喜。,,
a40151df-4940-4274-bb64-a270c01236d7,48a7c6a7-6f2d-4a8d-a3bf-d7f339dd2b12,三好塔,zh_TW,三好的意思，就是「身做好事，口說好話，意存好心」，身、口、意三業清淨。三好塔目前是聯合辦公室，內設有會議室、會客室，是一座現代多功能的場所。,,
e9827e48-3802-44b4-bd43-e44b3a5b784f,2d9c27e1-082d-4832-b623-de04d9340c74,四給塔,zh_TW,四給塔的「四給」即是「給人信心、給人歡喜、給人希望、給人方便」，這是佛光山的工作信念。目前四給塔作為文化廣場使用，讓大眾都能遨遊於書香天地，從中享受心靈寧靜。星雲大師希望，大家讀書能「讀做一個人，讀明一點理，讀悟一些緣，讀懂一顆心」，讀書的真諦不就是如此？\n星雲大師特別重視兒童教育，四給塔內，特別設有兒童專區，提供親子共讀，一起讀出親情，一起讀出做人的道理。,,
2d1f86d3-0c68-4191-93d8-8df779616d57,89617dc5-68fb-4611-a797-e1f936a6370a,禪畫禪話,zh_TW,星雲大師說：「禪如畫，可以美化環境；禪如鹽，可以促進食慾；禪如花，讓人欣賞；禪如胭脂，讓人亮麗。禪是幽默，是大自然、是我們的心、是我們的本來面目，禪是人間佛教的根本。」\n禪是智慧、是幽默、是慈悲，而且一點也不遙遠，就在我們的週遭。在忙碌、緊張和紛擾的社會，有煩有苦的現代生活，不妨幽默一下、放鬆一點，看看白雲，參一參佛陀留給我們古老遺產──禪。\n佛陀在靈山會上說法，拈了一朵金色波羅花，大眾皆默然，唯獨首座弟子大迦葉破顏微笑，於是佛陀說：「吾有正法眼藏，涅槃妙心，實象無相，微妙法門，不立文字，教外別傳，付囑摩訶迦葉。」禪宗從此流傳。\n〈禪畫禪話〉位在佛陀紀念館菩提廣場兩側外牆，是將畫家高爾泰、蒲小雨伉儷依《星雲禪話》所繪的禪畫作品，延請雕塑家葉先鳴、彩繪家陳啟明共同完成的四十幅浮雕系列，是全台最長的雕塑作品。浮雕的畫面經由光影、色彩、視覺的角度，方能呈現完美的作品，讓觀者領悟禪畫精神的傳遞。,,
e72520fa-f061-4e14-b48f-8e99442d2eea,1e54c748-b27c-49b5-9fbb-1e7e01eeda83,古德偈語與佛陀行化本事,zh_TW,整個佛陀紀念館都是佛陀的課堂，在佛館菩提廣場兩側廊道壁面上，刻有二十二幅半浮雕的「佛陀行化本事」，其中再搭配二十二幅的「古德偈語」，述說著佛陀行化社會各階層的故事，將其一生重要的弘化事跡和教法，以書畫展現出來。\n「佛陀行化本事」巨幅畫作是由藝術家施金輝所繪，以戲劇張力的畫筆，用最適切的構圖、線條與意象，忠實地呈現佛陀行化、慈悲喜捨的精髓。這二十二幅畫作，後由葉先鳴老師水泥雕塑、彩繪家陳明啟製作成二十二面浮雕，讓參訪者隨著一幅一幅行化故事，看見佛的容顏、聽到佛的音聲、領悟佛的教法，學習佛陀不捨一切眾生的慈悲精神。\n佛陀行化事跡包含了佛陀為父擔棺、到忉利天為母說法、為弟子縫製袈裟、拈花微笑說法、用善巧方便度化摩登伽女和鬼子母等等。每一面「佛陀行化本事」都有中英文的解說牌，字體大小清晰可閱讀，舒適的牌面設計，是星雲大師用意深遠的安排。\n「古德偈語」亦序列於兩側廊道，為了讓人們明瞭佛陀的人間性格與大眾性格，以書法文字表達佛教義理的內涵；星雲大師特別自佛教經典中，精選讚佛功德的詩偈與經文，於2010年完成書寫。\n內容有《華嚴經》的「大海之水可飲盡，剎那心念可數知，虛空可量風可繫，無能說盡佛功德。」及古德所撰的「佛地人多心甚閒，日看飛禽自往還；有求莫如無求好，進步哪有退步高。」等等，如實地刻在黑色花崗岩上，體現了星雲大師書法的線條與空間之美。,,
37499c60-b2be-4a62-a886-cd6d2ff38bb9,8606eaf8-34be-4cbd-bcbc-019e8ddd2656,菩提廣場,zh_TW,經過成佛大道，即是可供萬人以上集會的「菩提廣場」，廣場上經常舉辦大型祈福法會或活動。廣場前方為萬人照相台，後方有八宗祖師，「十八羅漢」尊像矗立於兩側。,,
521ba844-6981-44f8-b7f1-2d1942e76406,19070768-5976-46ee-a5ed-55e427977235,八宗祖師像,zh_TW,佛陀為眾生廣說八萬四千法門，從聽經聞法、法義薰習而領略教理是為「解門」，依循教理實踐修行是為「行門」，八宗祖師其實是行解兼修的，如星雲大師所說：「將書本所學的知識與生活的體驗連接起來，知行合一，解行並重。」即是人生修行道路的不二法門。凝視八宗祖師，雖經歷了許多滄桑和困蹇，但卻澆不熄弘揚佛法的信念，他們的精神與典範將永遠常懷世人心中，佛光普照。,,
786fd898-a954-437c-b882-370a71056c68,ae16fe40-f952-4b0b-a1ec-b4c3b7d8e417,十八羅漢像,zh_TW,十八羅漢矗立在本館前的菩提廣場兩側，由星雲大師監製，造型依藝術家吳榮賜所作的十八羅漢樟木像，再以青斗石刻鑿而成。這十八尊羅漢包括大迦葉、舍利弗、須菩提、迦旃延、周利槃陀伽、賓頭盧、羅睺羅、阿那律、阿難陀、富樓那、迦留陀夷、目犍連、優波離、大愛道比丘尼、妙賢比丘尼、蓮華色比丘尼，及降龍羅漢和伏虎羅漢，與一般常見的十八羅漢組合略有不同。\n此十八羅漢以佛陀十大弟子為主，加入《佛說阿彌陀經》諸羅漢以及中國佛教常見的降龍羅漢和伏虎羅漢，其中最特別的是大愛道、蓮華色、和妙賢三位比丘尼尊者，此乃星雲大師有感於比丘尼對佛教亦諸多貢獻，將其納入十八羅漢之列，彰顯佛教眾生平等的教義，也賦予兩性平等的時代性。\n每尊羅漢線條簡潔流暢，刀法樸拙，造型、神情、衣著、年齡及姿態，無一雷同；比如周利槃陀伽是位掃地開悟的羅漢，手握掃帚，衣紋隨著掃地動作而波動。三位比丘尼尊者，面相柔和又堅毅。每尊羅漢皆依其本身的修行歷程與性格，呈顯體相，展現出證悟尊者之道行與風範。,,
e74a792d-6f11-4eb9-8434-2922fb27a5db,cd50ddb2-938e-4364-98f2-150a643c5035,雙閣樓,zh_TW,本館北側有一處可讓身心靈休憩的空間名為「雙閣樓人文空間」，雙閣樓外觀彷彿日本的金閣寺。在「清風吹拂老樹，池畔長滿荷花」的生態池襯托下，閃閃金光顯得特別奪目。雙閣樓外，圍繞著榕樹林及生態池，這是校外教學，體驗自然生態，蘊涵生命教育的最佳場所。有人說煦煦陽光映照在雙閣樓是最美的景色；也有人說，夜晚金碧輝煌的雙閣樓是最莊嚴的時刻。\n雙閣樓二樓人文空間傳揚著中華茶道文化，有專人指導如何泡茶。喝茶可以提神醒腦，在佛門中因喝茶能集中思維、止靜斂心，因此茶禪文化自成一格，有道禪師不僅飲茶，且常在品飲之間說禪語、鬥機鋒，體悟「禪道」，例如有名的「趙州吃茶」公案即是。\n趙州禪師，凡有學僧去參訪他，他都是一句話，叫你「吃茶去」、「洗碗去」，或是「掃地去」。如果你問：「禪師！如何是道？」他說：「你去吃茶。」如果你再問：「如何開悟？」他也是叫你「吃茶去」。什麼是道？什麼是悟？一律「吃茶去」。意思是要你不要離開生活，在生活裡悟道。「茶禪一味」即是希望人們在靜坐、泡茶、奉茶品茗間與佛印心。\n雙閣樓也不定期的規畫講座，邀請文化與藝術專家在此注入更多的人文氣息。另還有「小小茶師培訓」課程，及有機會與駐館藝術家暢談他們的創作經歷。\n三樓設有佛館駐館藝術家工作室，以文化、藝術淨化人心，讓大眾共享藝文深度，傾聽、善美與感動。,,
d46e07b2-4197-4a92-95a2-d165122c9b67,877633c0-191b-4752-95e7-673fb876592e,雙閣樓 滴水坊,zh_TW,池畔上朵朵的荷花，襯托著金黃色雙閣樓的雅致，雙閣樓一樓為滴水坊，從紅燒麵、炒麵、香椿抓餅到蘿蔔糕，以及自製的愛玉和各式小菜，經濟又實惠，很受遊客喜愛。\n\n服務電話 07-656-3033分機4335\n供餐時間\n平日：11：00-17：00 (點餐至16:30)\n假日：11：00-17：00 (點餐至16:30),,
d9869565-0552-4c13-af0f-8edc25ef4542,b2273943-5ac9-4706-8796-af801c0d6610,樟樹林 滴水坊,zh_TW,沿著祇園小徑，隱約聞到樟樹釋放出的清香，遠遠即見一彎半月形的「樟樹林滴水坊」。進門剛坐下，還未點餐，服務人員立刻端上一碗臘八粥，溫馨滿懷。原來，滴水坊有「以粥代茶」的特有文化，以紅蘿蔔、青江菜、米豆、油條等食材熬煮的平安粥，看似簡單卻又不凡，代表著星雲大師的感恩心及回饋心，一碗平安粥如暖流般，注入人們的心和胃。\n這裡主推一飯一麵，品嚐佛光麵的湯頭，一股豆香味在唇齒間慢慢散開，這是一道大師親自傳授、指導的創意料理，以豆漿熬出香濃的湯汁，令人難以忘卻舌尖綿綿的滋味。\n樟樹林滴水坊有一特別之處，大師秉持素食結緣的初衷，餐點不定定價，讓遊客隨喜投功功德箱。\n服務電話 07-656-3033分機4062\n供餐時間\n平日 11：00-15：00\n假日 11：00-15：00,,
7bb133c5-505e-46c7-b965-c11f95619c52,6a465837-a8c3-4807-8383-26b235affc7e,禮敬大廳,zh_TW,「禮敬」，具有「禮敬諸佛」之意，是進入佛館的第一棟建築物；佔地1400坪，地上三層，地下一層，宛若城堡聳立。星雲大師為了大眾的需求，細心規劃設計，在這裡，可以獲得貼心的接待與服務。\n\n禮敬大廳以接納公益性的服務，因應需求，安定初次造訪的賓客。廳內各類諮詢、路線指引、輪椅借用等，讓人安心。用餐、喝水、洗手都方便，也能迅速找到場所，處處貼心，乃至等人暫留，也有紀念品區可以逛。\n\n進入禮敬大廳之前，在門口左右，各有一隻高達5公尺，長達6公尺的獅子及大象，帶著幼獅、象群歡迎來賓。獅象雕塑有別於傳統，禮敬大廳取代天王殿的方式，更是一項創新。此處彰顯了以人為本的深遠意涵，也表達了對佛陀的尊崇恭敬，因為佛陀紀念館就是佛陀的家。\n\n星雲大師說：「今後的時代、社會，必定是一個服務的時代與社會，當民眾進到禮敬大廳，享受各種接待服務的同時，透過整面大玻璃望去，大佛、寶塔映入眼簾，立刻給人一種心靈的震撼。」,,
30c8c9af-e5b6-4f3f-8912-19c7fb1d9229,a3b4182d-55c7-42dc-bd4b-41d33111dc6d,禮敬大廳 滴水坊,zh_TW,禮敬大廳是進入佛陀紀念館第一座建築物，為提供信眾方便用餐，在廳內一樓亦設有滴水坊。溫馨典雅的室內設計，以俐落簡潔的線條搭配淡雅的色系，呈現寬敞潔淨的用餐環境；提供中式料理，是參觀佛陀紀念館之餘，最適合休憩、聊天、品嚐素食的好地方。餐點主打星雲大師最推崇的簡食代表－「皇帝豆麵」、「翡翠菜飯」，還有精緻美味的小菜，如花生豆腐、泡菜黃豆芽、毛豆等，選用新鮮的食材及用心的料理，在您品嘗美味餐點的同時，亦把平安、吉祥帶回家。\n服務電話 07-656-3033分機4018\n供餐時間\n平日：11:00-14:30、15:30-17:30\n假日：11:00-14:30、16:30-18:30,,
6e58a91c-b224-4c65-9da8-1b90c29203f7,ea7527b4-ab81-465b-b124-5e551cf79542,禮敬大廳二樓 百味軒自助餐,zh_TW,「百味軒自助餐廳」位在禮敬大廳二樓，採自助餐式服務，菜色豐富，經濟實惠。除了主食飯、麵和湯之外，尚有數道佳餚供您選擇，全是佛光山招牌素菜。廳內空間寬敞明亮，大武山的美景在這一覽無遺。若於假日，請提早前往用餐，以免向隅。\n供餐時間\n平日 11：00-13：00\n假日 10：30-14：00,,
53622fc4-662f-443f-b193-f9a09e2f59c7,34f68c91-adc9-4515-ab3d-58cd8c150320,禮敬大廳二樓 禪悅齋 合菜圓桌,zh_TW,「禪悅齋」，以當季新鮮食材烹調，兼顧健康、營養與美味的蔬食合菜。設有室內宴會廳，是家庭聚餐、工商聯誼或是喜慶宴客的最佳選擇。歡迎公司行號或社會團體預約。\n服務電話 07-656-3033分機4021 、4023\n供餐時間\n平日 11：00-13：00\n假日 10：30-14：00,,
4c860b4b-9853-4cf3-9056-b9c6b7ed5801,8033442d-1693-4541-87fe-af44f03efd19,千家寺院百萬人士功德芳名碑牆,zh_TW,在成佛大道兩側的風雨走廊內，黑色花崗岩上刻滿了千家寺院、百萬人士的功德芳名，他們是建館護持的功德主們。星雲大師說：「一佛出世，千佛護持，因為有你們，才有今天的佛陀紀念館。」館內的一樑一柱、一花一草，都是眾志成城，以功德芳名碑牆感念眾人的成就，讓善心善念永世流傳。\n本著「十方來，十方去，共成十方事；萬人施，萬人捨，同結萬人緣」的理念，全面實施免費入館。但為持續環境維護與館內各項支用，除設立「佛陀紀念館護持委員會」，也開放個人隨喜贊助。,,
9804a77d-8a6f-4227-9dd5-3d22b8eeb53e,ffe264d2-a4ac-46b7-9de7-50c53b9aa3d2,犀牛區,zh_TW,星雲大師說：「每一種動物都有其特性和存在的價值。」會動會叫的動物雖然是雕塑，但活靈活現，讓人懂得天地之間萬物共生共榮，保護動物及生態保育的信念，都是生命教育的一環。\n佛陀紀念館提供許多戶外空間，榕樹林下設有可互動式的動物家族裝置，會叫、會動的吉祥動物們隱身在此，歡迎大小朋友一起來發現驚喜！,,
